21st century wire,conspiracy
369news,conspiracy
a sheep no more,conspiracy
abel danger,conspiracy
above top secret,conspiracy
acn latitudes,conspiracy
activist post,conspiracy
alt-market,conspiracy
awdnews,conspiracy
age of autism,conspiracy
alliance for advanced health,conspiracy
alt health works,conspiracy
alternative media television (amtv),conspiracy
alternative news network,conspiracy
american digital news,conspiracy
american free press,conspiracy
american intelligence media (aim4truth),conspiracy
american intelligencer report,conspiracy
ancient code,conspiracy
ancient origins,conspiracy
anderson institute,conspiracy
anti news network,conspiracy
anonymous,conspiracy
another day in the empire,conspiracy
answers in genesis,conspiracy
architects & engineers for 9/11 truth,conspiracy
asia-pacific research,conspiracy
assassination science,conspiracy
australian national review,conspiracy
autism speaks,conspiracy
awareness act,conspiracy
behold israel,conspiracy
biologos foundation,conspiracy
blacklisted news,conspiracy
catholic online,conspiracy
center for security policy,conspiracy
charisma news,conspiracy
christian broadcasting network (cbn),conspiracy
christian ministries international,conspiracy
christian science,conspiracy
christian times newspaper,conspiracy
christiantoday.info,conspiracy
climate etc,conspiracy
climate depot,conspiracy
coast to coast am,conspiracy
collectively conscious,conspiracy
collective-evolution,conspiracy
conscious life news,conspiracy
conspiracy daily update,conspiracy
conspiracy planet,conspiracy
cosmic intelligence agency,conspiracy
countdown to zerotime,conspiracy
counter current news,conspiracy
counter propa,conspiracy
counterpsyops,conspiracy
covert geopolitics,conspiracy
creationwiki,conspiracy
cs globe,conspiracy
curious mind magazine,conspiracy
daily occupation,conspiracy
daily star uk,conspiracy
david icke,conspiracy
david wolfe,conspiracy
data asylum,conspiracy
disclose tv,conspiracy
discovery institute,conspiracy
dr. axe,conspiracy
doctoroz.com (dr. oz),conspiracy
earthpulse press,conspiracy
earth we are one (ewao),conspiracy
eco news,conspiracy
ecowatch,conspiracy
educate inspire change,conspiracy
educate-yourself,conspiracy
eluxe magazine,conspiracy
end time headlines,conspiracy
enlightened planet,conspiracy
environmental working group (ewg),conspiracy
escape all these things,conspiracy
every news here,conspiracy
evolution news and views,conspiracy
extraordinary news,conspiracy
faithpanda,conspiracy
family survival headlines,conspiracy
fellowship of the minds,conspiracy
food babe,conspiracy
food matters,conspiracy
freedomain radio,conspiracy
freethought project,conspiracy
friends of science,conspiracy
from the trenches world report,conspiracy
geoengineering watch,conspiracy
global healing center,conspiracy
global research,conspiracy
global skywatch,conspiracy
godlike productions,conspiracy
got questions,conspiracy
government slaves,conspiracy
greenpeace,conspiracy
gulag bound,conspiracy
haarp.net,conspiracy
health consciousness,conspiracy
health eternally,conspiracy
health impact news,conspiracy
health nut news,conspiracy
health sciences institute,conspiracy
healthy vibes,conspiracy
hello christian,conspiracy
henry makow (savethemales.ca),conspiracy
higgins news network,conspiracy
hl12,conspiracy
homeopathy journal,conspiracy
humans are free,conspiracy
ihealthtube,conspiracy
illuminati news,conspiracy
illuminati watcher,conspiracy
i love native americans,conspiracy
independent living news,conspiracy
infinite unknown,conspiracy
infowars,conspiracy
institute for creation research (irc),conspiracy
institute for responsible technology,conspiracy
intellihub,conspiracy
investement watch blog,conspiracy
"israel, islam and end times",conspiracy
jeffereyjaxen.com,conspiracy
jesus is savior,conspiracy
jews news,conspiracy
jones report,conspiracy
knowledge of today,conspiracy
larouche pac,conspiracy
liberty videos,conspiracy
lifespa,conspiracy
live action,conspiracy
living resistance,conspiracy
living whole,conspiracy
lozier institute,conspiracy
media fact watch,conspiracy
media roots,conspiracy
medicine news,conspiracy
medusa magazine,conspiracy
mercola,conspiracy
mindbodygreen,conspiracy
modern alternative mama,conspiracy
morning ledger,conspiracy
murica today,conspiracy
natural awakenings magazine,conspiracy
natural cures,conspiracy
natural cures not medicine,conspiracy
natural health 365,conspiracy
natural medicine team,conspiracy
natural news,conspiracy
natural society,conspiracy
naturally savvy,conspiracy
neon nettle,conspiracy
new american news,conspiracy
newsbud,conspiracy
newsinsideout.com,conspiracy
news target,conspiracy
nodisinfo,conspiracy
now the end begins,conspiracy
nutritionfacts.org,conspiracy
our health guides,conspiracy
pak alert press,conspiracy
people for the ethical treatment of animals (peta),conspiracy
political blind spot,conspiracy
popular technology,conspiracy
press for truth,conspiracy
principia scientific international,conspiracy
prison planet,conspiracy
prophecy news watch,conspiracy
prophecy today,conspiracy
prop or not,conspiracy
rapture news network,conspiracy
realfarmacy,conspiracy
real jew news,conspiracy
real news 24,conspiracy
redoubt news,conspiracy
reflection of mind,conspiracy
religion mind,conspiracy
rense,conspiracy
revolution radio,conspiracy
sanevax,conspiracy
scepcop (debunking skeptics),conspiracy
science factz,conspiracy
science vibe,conspiracy
sign of the times,conspiracy
secrets of the fed,conspiracy
sheep killers,conspiracy
shoebat,conspiracy
simple organic medicine,conspiracy
skeptiko,conspiracy
south front,conspiracy
space.news,conspiracy
stillness in the storm,conspiracy
storm clouds gathering,conspiracy
stormfront,conspiracy
sustainable pulse,conspiracy
the anti-media,conspiracy
the aware,conspiracy
the common sense show,conspiracy
the controversial files,conspiracy
the corbett report,conspiracy
the crusader journal,conspiracy
the daily check,conspiracy
the daily conspiracy,conspiracy
the daily sheeple,conspiracy
the earth child,conspiracy
the european union times,conspiracy
the event chronicle,conspiracy
the forbidden knowledge,conspiracy
the hearty soul,conspiracy
the international reporter,conspiracy
the internet post,conspiracy
the last great stand,conspiracy
the liberty beacon,conspiracy
the mind unleashed,conspiracy
the rundown live,conspiracy
the stream,conspiracy
the trumpet,conspiracy
the truth about cancer,conspiracy
the truth seeker,conspiracy
the waking times,conspiracy
thinking mom’s revolution,conspiracy
thought crime radio,conspiracy
thrive movement,conspiracy
topinfo post,conspiracy
true pundit,conspiracy
trunews,conspiracy
truth broadcasting network,conspiracy
truth channel politics,conspiracy
truth command,conspiracy
truth theory,conspiracy
twisted.news,conspiracy
tyranny rising,conspiracy
uk column,conspiracy
underground health,conspiracy
usa hitman,conspiracy
usawatchdog.com,conspiracy
vaccines.news,conspiracy
vaccines revealed,conspiracy
vaxxter,conspiracy
veterans today,conspiracy
vigilant citizen,conspiracy
viral news network,conspiracy
voice of america tv (voiceofamericatv.com),conspiracy
wake up world,conspiracy
watts up with that,conspiracy
we are anonymous,conspiracy
we are change,conspiracy
wellness achiever,conspiracy
whale.to,conspiracy
whatdoesitmean,conspiracy
what really happened,conspiracy
why don’t you try this,conspiracy
wikispooks,conspiracy
world truth tv,conspiracy
x22 report,conspiracy
your news wire,conspiracy
zero hedge,conspiracy
act.tv,left
addicting info,left
advocate,left
akkadian times,left
all that’s fab,left
alternet,left
amandla,left
americablog,left
american bridge 21st century,left
american news x,left
americans united for separation of church and state,left
anti-fascist news,left
autostraddle,left
backed by fact,left
baltimore city paper,left
bay area reporter,left
being liberal,left
bitch media,left
black agenda report,left
black lives matter,left
blue dot daily,left
blue nation review,left
boing boing,left
breitbart unmasked,left
bust magazine,left
canadian dimension,left
carbonated tv,left
center for american progress,left
center for media and democracy (pr watch),left
certified politics,left
change.org,left
chicago reader,left
chronicles of democracy,left
citizen critics,left
cnn,left
code pink,left
common dreams,left
content news,left
cosmopolitan,left
countercurrents.org,left
counterpunch,left
crimethinc,left
crooked media,left
crooks and liars,left
current affairs magazine,left
curve magazine,left
daily 49er,left
daily beast,left
daily dems,left
daily dot,left
daily kos,left
daily mirror,left
daily news bin,left
daily record (scotland),left
dallas voice,left
deadspin,left
dead state,left
deathandtaxes,left
deep left field,left
deepstatenation.com,left
democracy chronicles,left
democracy guardian,left
democracy now,left
democratic underground,left
desmogblog,left
die hard democrat,left
dissent magazine,left
drudge retort,left
earth first! journal,left
economy in crisis,left
egbertowillies.com,left
electoral-vote.com,left
electronic intifada,left
elisabeth parker,left
elite daily,left
esquire magazine,left
everyday feminism,left
evonomics,left
extranewsfeed,left
feminist current,left
feministing,left
fifth estate,left
filming cops,left
first post,left
foreign policy journal,left
foreign policy news,left
forward progressives,left
free press,left
free rein news,left
freedom news and journal,left
fstv (freespeech.org),left
gizmodo,left
global voices,left
globe today,left
good magazine,left
gopopcalypse,left
gq magazine,left
grasping reality with both hands: bradford delong,left
green left weekly,left
greenville gazette,left
groopspeak,left
guardian liberty voice,left
guardians of democracy,left
happy foxie,left
huffington post (huffpost),left
impeach donald trump,left
in defence of marxism,left
independent reporter (ir.net),left
inequality media,left
informed comment (juan cole),left
institute for policy studies,left
international viewpoint,left
in these times,left
intrepid report,left
iowa starting line,left
it’s going down,left
jacobin,left
jezebel,left
latest.com,left
lavender magazine,left
left action,left
left foot forward,left
left over rights,left
leftscoop,left
left side of history,left
left voice,left
left wing nation,left
lgbtq nation,left
libcom.org,left
liberal america,left
liberal examiner,left
liberals unite (samuel warde),left
liberation news,left
little green footballs.,left
love knowledge,left
mashable,left
mean left hook,left
mediaite,left
media matters,left
meduza,left
merry jane,left
miami new times,left
middle east monitor,left
modern liberals,left
molad the center for the renewal of israeli democracy,left
mondoweiss,left
moon of alabama,left
mother jones,left
move on,left
ms. (magazine),left
msnbc,left
nap-sack,left
nation of change,left
new internationalist,left
new politics magazine,left
new republic,left
new statesman,left
new york magazine,left
new yorker,left
news corpse,left
newshounds,left
newslogue,left
north99,left
nova magazine,left
now magazine,left
nowthis news,left
opednews (oen),left
our voice ny,left
palestine chronicle,left
palmer report,left
paste magazine,left
peacock panache,left
people for the american way (pfaw),left
people magazine,left
pinac (photography is not a crime),left
pink news,left
political dig,left
political updater,left
politicususa,left
popular resistance,left
pravda report,left
press progress,left
progressive army,left
progressive liberal,left
project censored,left
proud democrat,left
putintrump.org,left
queerty,left
rabble.ca,left
rantt media,left
rappler,left
raw progressive,left
raw story,left
reading the pictures,left
reader supported news (rsn),left
red pepper,left
red state disaster,left
red youth,left
republicans suck,left
rewire,left
revcom.us,left
reverb press,left
revere press,left
revolution news,left
right wing watch,left
ring of fire,left
salon,left
scary mommy,left
shadow proof,left
shareblue,left
slate,left
smirking chimp,left
socialist standard,left
socialistworker.org,left
sourcewatch,left
sparks/cnntimes,left
splinter,left
st. pete for peace,left
syriana analysis,left
talking points memo,left
takepart,left
telesur,left
the american independent institute,left
the american prospect,left
the blue route,left
the burning spear,left
the canary (uk),left
the climate reality project,left
the daily banter,left
the daily buzz,left
the daily vox,left
the democratic hub,left
the establishment,left
the florida squeeze,left
the frisky,left
the fucking news,left
thegrio,left
the intellectualist,left
the lily,left
the london economic,left
the mary sue,left
the militant,left
the morning star,left
the nation,left
the national memo,left
the new civil rights movement,left
the other 98%,left
the outline,left
the progressive,left
the progressive frontier,left
the reality-based community,left
the root,left
the source newpaper (la source),left
the stern facts,left
the village voice,left
the walrus,left
the world can’t wait,left
theoswatch.com,left
think progress,left
this,left
towleroad,left
tribune uk,left
truth against the machine,left
truthdig,left
truth out,left
uproxx,left
upworthy,left
us political post,left
us uncut,left
vanity fair,left
verified politics,left
verrit,left
vermont independent,left
viral title,left
vote,left
vox,left
washington journal (not c-span),left
washington monthly,left
washington press,left
washington sources,left
wear your voice,left
what matters news,left
who.what.why,left
wonkette,left
workers world,left
world socialist web site,left
yes magazine,left
young turks,left
z magazine,left
abc11 eyewitness news,leftcenter
abc news,leftcenter
above the law,leftcenter
aeon,leftcenter
affinity magazine,leftcenter
african arguments,leftcenter
al-hayat,leftcenter
al jazeera,leftcenter
al-masdar news (amn),leftcenter
al monitor,leftcenter
alan guttmacher institute,leftcenter
alaska dispatch news,leftcenter
albany times-union,leftcenter
allied progress,leftcenter
akron beacon journal,leftcenter
am new york,leftcenter
america magazine,leftcenter
american civil liberties union (aclu),leftcenter
american herald tribune,leftcenter
anniston star,leftcenter
anti-defamation league,leftcenter
american public media (apr),leftcenter
aol,leftcenter
apm reports,leftcenter
ara news,leftcenter
arizona daily star,leftcenter
arizona daily sun,leftcenter
asheville citizen-times,leftcenter
atlanta black star,leftcenter
atlanta journal-constitution,leftcenter
(the)atlantic,leftcenter
atlantic media,leftcenter
attn:,leftcenter
austin american-statesman,leftcenter
axios,leftcenter
backchannel,leftcenter
baltimore sun,leftcenter
bangor daily news,leftcenter
baptist news global,leftcenter
bbc,leftcenter
beijing review,leftcenter
berkeleyside,leftcenter
berkshire eagle,leftcenter
billmoyers.com,leftcenter
birmingham mail,leftcenter
blastingnews,leftcenter
bloomberg,leftcenter
bluestem prairie,leftcenter
boston globe,leftcenter
boy genius report (bgr),leftcenter
brookings institute,leftcenter
buffalo news,leftcenter
business insider,leftcenter
bustle magazine,leftcenter
buzzfeed,leftcenter
calgary herald,leftcenter
calwatchdog.com,leftcenter
canadaland,leftcenter
capital gazette,leftcenter
carolina public press,leftcenter
caribbean life news,leftcenter
cbc news,leftcenter
cbs news,leftcenter
cctv america,leftcenter
center for international policy,leftcenter
center for popular democracy,leftcenter
center on budget and policy priorities,leftcenter
charleston gazette-mail,leftcenter
charlotte observer,leftcenter
chicago reporter,leftcenter
chicago sun times,leftcenter
chicago tribune,leftcenter
citizens for legitimate government,leftcenter
citizens for responsibility and ethics in washington (crew),leftcenter
citizens for tax justice,leftcenter
clean technica,leftcenter
cnbc,leftcenter
columbia journalism review (cjr),leftcenter
columbia reports,leftcenter
committee to investigate russia,leftcenter
common cause,leftcenter
commonweal magazine,leftcenter
commonwealth fund,leftcenter
corporate presidency,leftcenter
council for the national interest,leftcenter
credo action,leftcenter
crosscut.com,leftcenter
ctv news,leftcenter
daily hive,leftcenter
dawn,leftcenter
dcreport.org,leftcenter
deadline hollywood,leftcenter
deccan herald,leftcenter
delaware online – news journal,leftcenter
democracy 21,leftcenter
democrat and chronicle,leftcenter
demos,leftcenter
denver post,leftcenter
detroit free press,leftcenter
die zeit,leftcenter
digg,leftcenter
diversityinc,leftcenter
dutch daily news,leftcenter
dutch review,leftcenter
dw news (deutsche welle),leftcenter
earthjustice,leftcenter
east bay times,leftcenter
economic policy institute,leftcenter
economics.help,leftcenter
edmonton journal,leftcenter
egyptian streets,leftcenter
electronic frontier foundation,leftcenter
el pais,leftcenter
el paso times,leftcenter
emirates 24/7,leftcenter
empty wheel,leftcenter
engadget,leftcenter
euractiv,leftcenter
euromaiden press,leftcenter
eu observer,leftcenter
exposing the truth,leftcenter
factbox.tv,leftcenter
fact/myth,leftcenter
fairness & accuracy in reporting (fair),leftcenter
fairvote,leftcenter
fast company,leftcenter
feminist frequency,leftcenter
fight for the future,leftcenter
fivethirtyeight,leftcenter
foreign policy in focus,leftcenter
fort worth weekly,leftcenter
france24,leftcenter
freakonomics,leftcenter
free press,leftcenter
fresno bee,leftcenter
fusion,leftcenter
gay star news,leftcenter
geopolitics alert,leftcenter
greensboro news and record,leftcenter
greentech media,leftcenter
glamour magazine,leftcenter
global citizen,leftcenter
global news,leftcenter
global post,leftcenter
global risk insights,leftcenter
global times,leftcenter
governing magazine,leftcenter
grist,leftcenter
haaretz,leftcenter
harpers,leftcenter
hartford courant,leftcenter
health magazine,leftcenter
healthyway,leftcenter
heavy.com,leftcenter
helsinki times,leftcenter
high country news,leftcenter
highline,leftcenter
hindustan times,leftcenter
history news network,leftcenter
hollywood reporter,leftcenter
honolulu star-advertiser,leftcenter
houston chronicle,leftcenter
human rights watch,leftcenter
humanium,leftcenter
hurriyet daily news,leftcenter
ice news,leftcenter
if america knew,leftcenter
independent australia,leftcenter
independent media center,leftcenter
indianapolis star,leftcenter
inews,leftcenter
inquisitr,leftcenter
insideclimate news,leftcenter
inside higher ed,leftcenter
inside philanthropy,leftcenter
institute for middle east understanding (imeu),leftcenter
institute on taxation and economic policy (itep),leftcenter
international business times,leftcenter
international center for research on women,leftcenter
international crisis group,leftcenter
inter press service (ips),leftcenter
inverse,leftcenter
ipolitics,leftcenter
irin news,leftcenter
jihadica,leftcenter
joint center for political and economic studies,leftcenter
journal of politics and society,leftcenter
kansas city star,leftcenter
knight foundation,leftcenter
kmov-st. louis,leftcenter
koko news 5,leftcenter
kuow npr,leftcenter
kurdistan 24,leftcenter
kyiv post,leftcenter
la presse,leftcenter
la times,leftcenter
latin times,leftcenter
lawfare blog,leftcenter
law newz,leftcenter
left justified,leftcenter
lethbridge herald,leftcenter
lexington herald leader,leftcenter
liberal mountain,leftcenter
lifehacker,leftcenter
liveleak,leftcenter
maclean’s magazine,leftcenter
maine beacon,leftcenter
malaysiakini,leftcenter
mediafile,leftcenter
medium,leftcenter
metro,leftcenter
metro uk,leftcenter
mexico daily news,leftcenter
miami herald,leftcenter
mic,leftcenter
migration policy institute,leftcenter
milwaukee journal-sentinel,leftcenter
minneapolis star tribune,leftcenter
minnesota public radio (mpr),leftcenter
minnpost,leftcenter
mint press news,leftcenter
mongabay,leftcenter
monthly review,leftcenter
montreal gazette,leftcenter
morning consult,leftcenter
moscow times,leftcenter
mother nature network,leftcenter
mountain democrat,leftcenter
msn,leftcenter
muncie voice,leftcenter
mwc news – media with conscience,leftcenter
naked capitalism,leftcenter
national association for the advancement of colored people (naacp),leftcenter
national center for transgender equality (ncte),leftcenter
national monitor,leftcenter
national newswatch (canada),leftcenter
national observer (canada),leftcenter
national youth rights association,leftcenter
natural resources defense council,leftcenter
natural resource governance institute,leftcenter
nbc news,leftcenter
nc policy watch,leftcenter
ndtv,leftcenter
need 2 know,leftcenter
new england cable news (necn),leftcenter
news channel 4 (kfor.com),leftcenter
news.com.au,leftcenter
newsday,leftcenter
news deeply,leftcenter
newgru,leftcenter
newser,leftcenter
newsone,leftcenter
newsweek,leftcenter
newsy,leftcenter
new europe,leftcenter
new left review,leftcenter
new matilda,leftcenter
new moderate,leftcenter
new york daily news,leftcenter
news and guts,leftcenter
npr,leftcenter
new york times,leftcenter
oc weekly,leftcenter
odyssey online,leftcenter
oil and water don’t mix,leftcenter
opendemocracy,leftcenter
opposing views,leftcenter
oneindia,leftcenter
our world in data,leftcenter
outside the beltway,leftcenter
ozy media,leftcenter
pacific standard magazine,leftcenter
panam post,leftcenter
patriotic millionaires,leftcenter
pbs news hour,leftcenter
philadelphia inquirer,leftcenter
philadelphia tribune,leftcenter
philippine daily inquirer,leftcenter
phoenix new times,leftcenter
pittsburgh post-gazette,leftcenter
pluralist,leftcenter
political critique,leftcenter
politico,leftcenter
politics that work,leftcenter
population connection,leftcenter
portland press-herald,leftcenter
positive news,leftcenter
press tv,leftcenter
propublica,leftcenter
prospect magazine,leftcenter
providence journal,leftcenter
public citizen,leftcenter
public radio international (pri),leftcenter
quartz,leftcenter
radio free asia,leftcenter
raleigh news & observer,leftcenter
rationalwiki,leftcenter
real news network,leftcenter
religion news service,leftcenter
republic world,leftcenter
reveal – center for investigative journalism,leftcenter
right web,leftcenter
roanoke times,leftcenter
rolling stone,leftcenter
roosevelt institute,leftcenter
rudaw,leftcenter
sacramento bee,leftcenter
salt lake tribune,leftcenter
san antonio express-news,leftcenter
san diego free press,leftcenter
san francisco chronicle,leftcenter
san francisco examiner,leftcenter
san francisco globe,leftcenter
san jose mercury news,leftcenter
santa barbara independent,leftcenter
santa fe new mexican,leftcenter
saudi gazette,leftcenter
scoopwhoop,leftcenter
scroll.in,leftcenter
seattle post-intelligencer,leftcenter
seattle times,leftcenter
second nexus,leftcenter
sentencing project,leftcenter
sfgate,leftcenter
shame project,leftcenter
sky news,leftcenter
sojourners (soho),leftcenter
sootoday.com,leftcenter
southern poverty law center,leftcenter
special broadcasting service (sbs),leftcenter
spiegel online,leftcenter
star-ledger,leftcenter
staten island advance,leftcenter
stepfeed,leftcenter
st. louis post-dispatch,leftcenter
stocks news daily,leftcenter
stopfake,leftcenter
st. paul pioneer press,leftcenter
stuff,leftcenter
swi – swissinfo.ch,leftcenter
syrian observatory for human rights (sohr),leftcenter
tablet magazine,leftcenter
tax justice network,leftcenter
tax policy center,leftcenter
techcrunch,leftcenter
texas monthly,leftcenter
the sun magazine,leftcenter
tampa bay times,leftcenter
the age (australia),leftcenter
the automatic earth,leftcenter
the baffler,leftcenter
the budapest beacon,leftcenter
the century foundation,leftcenter
the christian left,leftcenter
the citizen (australia),leftcenter
the council of canadians,leftcenter
the courier-journal,leftcenter
the daily climate,leftcenter
the daily tarheel,leftcenter
the economic times,leftcenter
the european council on foreign relations (ecfr),leftcenter
the fifth column,leftcenter
the forward,leftcenter
the globe and mail (toronto),leftcenter
the guardian,leftcenter
the herald (everett),leftcenter
the hill,leftcenter
the hindu,leftcenter
the independent,leftcenter
the intercept,leftcenter
the interpreter (magazine),leftcenter
the irish times,leftcenter
the irrawaddy,leftcenter
the jerusalem report,leftcenter
the journal news,leftcenter
the korea times,leftcenter
the local (norway),leftcenter
the monthly (australia),leftcenter
the nation institute,leftcenter
the new arab,leftcenter
the news-times (danbury),leftcenter
the news tribune,leftcenter
the new tropic,leftcenter
the next web (tnw),leftcenter
the observer,leftcenter
the olympian,leftcenter
the oslo times,leftcenter
the patriot-news,leftcenter
the plain dealer,leftcenter
the press democrat,leftcenter
the pulse,leftcenter
the record (nj),leftcenter
the ringer,leftcenter
the saturday paper,leftcenter
the state,leftcenter
the stranger,leftcenter
the sun magazine,leftcenter
the sydney morning herald,leftcenter
the tab,leftcenter
the trace,leftcenter
the tyee,leftcenter
the varsity,leftcenter
the verge,leftcenter
the virginian pilot,leftcenter
the week,leftcenter
the wilderness society,leftcenter
the wire – india,leftcenter
the zero hour,leftcenter
thomson reuters foundation,leftcenter
time,leftcenter
times-colonist,leftcenter
times headline,leftcenter
times of israel,leftcenter
times-picayune,leftcenter
timeline,leftcenter
tomdispatch.com,leftcenter
to inform is to influence,leftcenter
toronto star,leftcenter
uawire,leftcenter
unicorn riot,leftcenter
united federation of teachers (uft),leftcenter
university business,leftcenter
urban institute,leftcenter
us news world report,leftcenter
usa today,leftcenter
utah public radio (upr),leftcenter
vancouver sun,leftcenter
vice news,leftcenter
votevets.org,leftcenter
vulture,leftcenter
wall street on parade,leftcenter
washington blade,leftcenter
washington post,leftcenter
wgn news,leftcenter
windsor star,leftcenter
wings over scotland,leftcenter
wired magazine,leftcenter
wnyc,leftcenter
world affairs journal,leftcenter
worldcrunch,leftcenter
world policy institute,leftcenter
yahoo news,leftcenter
ynetnews,leftcenter
york daily record,leftcenter
youth radio,leftcenter
680 news,center
abc news australia,center
abs-cbn news,center
afp (agence france presse),center
africa news,center
agerpres,center
ahram online,center
airwars,center
al arabiya,center
al bawaba,center
al majalla,center
alabama political reporter,center
alabama today,center
albany democrat-herald,center
albuquerque journal,center
allgov,center
alliance for securing democracy,center
american heritage,center
amnesty international,center
anthropocene magazine,center
aptn national news,center
arizona capitol times,center
asia news international (ani),center
asia times,center
asharq al-awsat,center
associated press,center
atlantic council,center
australian financial review,center
ballotpedia,center
bangkok post,center
battlefords news-optimist,center
bbarta24,center
belfer center for science and international affairs,center
bellingcat,center
better government association,center
bdnews24,center
big news network,center
big think,center
bismarck tribune,center
bno news,center
bridge magazine,center
brief.news,center
bulletin of the atomic scientists,center
bullshido,center
burnett county sentinel,center
business 2 community,center
canadian public affairs channel (cpac),center
cape cod times,center
capitol fax,center
carnegie endowment for international peace,center
casper star-tribune,center
castanet,center
center for advanced defense studies,center
center for democracy and technology (cdt),center
center for global development,center
center for inquiry,center
center for a new american security,center
center for public integrity,center
center for responsive politics,center
center for strategic and international studies,center
china daily,center
china global television network (cgtn),center
christian science monitor,center
city and state new york,center
committee for economic development,center
committee for a responsible federal budget,center
committee to protect journalists,center
concord monitor,center
conflict news,center
congress.gov,center
congressional budget office (cbo),center
consortium news,center
constitution daily,center
constitution project,center
consumerist,center
consumer reports,center
cook political report,center
countable news,center
courthouse news service,center
cp24,center
crimeola,center
c-span,center
daily business review,center
daily journal (illinois),center
daily journal (missouri),center
daily record,center
darien times,center
defense one,center
des moines register,center
digital journal,center
doctors without borders,center
dpa german press agency,center
eagle tribune,center
earth institute,center
ej insight,center
elko daily free press,center
err news (estonia public broadcasting),center
eurasia group,center
eurasia review,center
euronews,center
every crs report,center
factcheck.org,center
factscan,center
factwire news agency,center
fair observer,center
federal times,center
financial express,center
financial times,center
first draft news,center
foreign affairs,center
foreign policy,center
freedom from religion foundation (ffrf),center
free wheel media,center
full fact (uk),center
gallup,center
gears of biz,center
gbtimes,center
government executive,center
govtrack,center
global integrity,center
global slavery index,center
globe gazette (iowa),center
goodnewsnetwork,center
grabien news,center
harvard business review,center
harvard gazette,center
harvard political review,center
healthcare finance news,center
herald & review (illinois),center
hoax slayer,center
homeland security news wire,center
i24 news,center
icitizen,center
idaho statesman,center
imediaethics,center
independent record (montana),center
independent voter network (ivn),center
india today,center
institute for women’s policy research (iwpr),center
investigative reporters and editors,center
international consortium of investigative journalists,center
international energy agency,center
international organization,center
international press institute,center
international rescue committee,center
investopedia,center
jackson sun,center
janes 360,center
japan times,center
jewish telegraphic agency (jta),center
jstor daily,center
just security,center
kaiser family foundation,center
knowhere,center
know your meme,center
lead stories,center
le devoir,center
lima charlie news,center
lincoln journal star,center
listverse,center
lompoc record,center
makeuseof,center
malaysia today,center
maplight,center
marketwatch,center
mcclatchydc,center
mediashift,center
memeorandum,center
mental floss,center
mercopress,center
merion west,center
metabunk,center
military.com,center
missoulian,center
mlive (michigan – booth newspapers),center
montana standard,center
napa valley register,center
national bureau of economic research (nber),center
national institute on money in state politics,center
national journal,center
nationmaster,center
new america foundation,center
new bern sun journal,center
news24 (south africa),center
newsela,center
news lookup,center
newsnow (uk),center
new zealand herald,center
next avenue,center
nextgov,center
nhk world,center
niskanen center,center
nk news,center
noozhawk,center
north korea times,center
northwest indiana times,center
novinite,center
no labels,center
oneeighty,center
open the government,center
oyez project,center
pacific daily news,center
patch,center
patheos,center
pensacola news journal,center
peterson foundation,center
peterson institute for international economics (piie),center
pew research,center
places journal,center
political storm,center
politifact,center
polygraph.info,center
poynter institute,center
pr newswire,center
procon.org,center
project on government oversight (pogo),center
project syndicate,center
public policy polling (ppp),center
public religion research institute (prri),center
pxw news,center
quad city times,center
radio free europe / radio liberty,center
rand corporation,center
rapid city journal,center
recode,center
relevant magazine,center
reporters lab,center
reporters without borders,center
represent.us,center
reuters,center
riverbender.com,center
roll call,center
rte (radio television of ireland),center
russian media monitor,center
santa maria times,center
sarasota herald-tribune,center
sayfie review,center
science debate,center
scoopnest,center
scotusblog,center
shareably,center
shorenstein center,center
simple politics,center
sioux city journal,center
smartnews,center
snopes,center
south china morning post,center
spectrum news – ny1,center
spectrum report,center
st. cloud times,center
stars and stripes,center
stat (news),center
stimson center,center
stock news usa,center
strategypage,center
stratfor,center
sunlight foundation,center
taipei times,center
taiwan news,center
task and purpose,center
texas standard,center
texas tribune,center
that’s nonsense,center
the auburn citizen,center
the balance,center
the baxter bulletin,center
the bureau of investigative journalism,center
the canadian press,center
the china post,center
the chronicle of higher education,center
the cipher brief,center
the conversation,center
the day (new london),center
the daily news (longview),center
the daily progress,center
the defcon warning system,center
the diplomat magazine,center
the economist,center
the elkhart truth,center
the fake news codex,center
the herald journal,center
the humanist magazine,center
the indian express,center
the jakarta post,center
the jerusalem post,center
the jordan times,center
the journal gazette & times-courier,center
thejournal.ie,center
the knife,center
the marshall project,center
the meme policeman,center
the middle east in london,center
the moderate voice,center
the morning call,center
the news (mexico city),center
the news international,center
the news literacy project,center
the observatory,center
the outlook (monmouth university),center
the pantagraph,center
the phnom penh post,center
the post and courier,center
the post star,center
the scotsman,center
the sentinel (pennsylvania),center
the skimm,center
the sociable,center
the southern illinoisan,center
the star democrat,center
the strategy bridge,center
the swedish wire,center
the times and democrat,center
the times of india,center
the truthsetter,center
the whim,center
thewrap,center
third way,center
thoughtco,center
times-news (idaho),center
times of san diego,center
today i found out,center
transparency international,center
transpartisan review,center
tribune news service,center
true viral news,center
truth be told,center
truthorfiction.com,center
turkey and facts (dogruluk payi),center
tvw washington state,center
undark,center
united press international (upi),center
united states house of representatives (house.gov),center
usafacts,center
usa spending.gov,center
utah standard-examiner,center
vera files,center
viral thread,center
vocativ,center
voice of america,center
voice of san diego,center
vos iz neias,center
vote smart,center
war on the rocks,center
washington journal,center
waterloo-cedar falls courier,center
we are the mighty,center
wikinews,center
wikipedia,center
wikitribune,center
winona daily news,center
wion (world is one news),center
wisconsin state journal,center
woodrow wilson international center for scholars,center
world economic forum,center
world news,center
world politics review,center
world press review,center
world resources institute (wri),center
wral,center
xinhua news agency,center
the zdf (zweites deutsches fernsehen),center
9 news (australia),right-center
71 republic,right-center
al.com (alabama news),right-center
american action forum,right-center
american council on science and health,right-center
american firearms institute,right-center
american foreign policy council,right-center
american greatness,right-center
americas quarterly,right-center
anti-war,right-center
arab news,right-center
arizona republic,right-center
arkansas democrat-gazette,right-center
armstrong economics,right-center
arutz sheva (israel national news),right-center
billings gazette,right-center
bipartisan policy center,right-center
boston herald,right-center
breaking defense,right-center
breakthrough institute,right-center
calgary sun,right-center
california political review,right-center
campaign for liberty,right-center
canadian jewish news,right-center
canadian taxpayers federation,right-center
cato institute,right-center
center for a stateless society,right-center
center for the national interest,right-center
christianity today,right-center
cincinnati enquirer,right-center
circa news,right-center
colorado springs gazette,right-center
columbia daily herald,right-center
columbus dispatch,right-center
communities digital news,right-center
competitive enterprise institute,right-center
council on foreign relations,right-center
daily herald,right-center
daily press,right-center
daily telegraph,right-center
dallas morning news,right-center
deccan chronicle,right-center
deseret news,right-center
desert sun,right-center
detroit news,right-center
de volkskrant,right-center
downsizing the federal government,right-center
ec journal,right-center
edmonton sun,right-center
ethics and public policy center (eppc),right-center
faith family america,right-center
financial post,right-center
fitsnews,right-center
florida times union,right-center
forbes,right-center
foreign policy initiative,right-center
foreign policy research institute,right-center
fortnight review,right-center
fortune magazine,right-center
fort bend herald,right-center
fort worth star-telegram,right-center
foundation for economic education,right-center
franklin center for government and public integrity,right-center
fraser institute,right-center
freedom house,right-center
grand rapids press,right-center
group of thirty,right-center
gulf news,right-center
guns.com,right-center
herald-sun (australia),right-center
heterodox academy,right-center
high point enterprise,right-center
hindu business line,right-center
honest reporting,right-center
hoover institution,right-center
human progress,right-center
in homeland security,right-center
insidesources,right-center
institute for humane studies,right-center
investors business daily,right-center
irish independent,right-center
israel hayom,right-center
itv news,right-center
japan today,right-center
jewish breaking news,right-center
jewish news syndicate (jns),right-center
just facts,right-center
just facts daily,right-center
korea herald,right-center
kutv salt lake city,right-center
las vegas review journal,right-center
learn liberty,right-center
lexington institute,right-center
liberty viral,right-center
london broadcasting company (lbc),right-center
london evening standard,right-center
london free press,right-center
los angeles daily news,right-center
lynx media,right-center
mackinac center for public policy,right-center
manhattan institute for policy research,right-center
manila times,right-center
military times,right-center
mises daily,right-center
mynorthwest,right-center
national interest,right-center
national post,right-center
netherlands radio and television association (nos),right-center
new york post,right-center
news-gazette,right-center
news heist,right-center
newsline,right-center
news rescue,right-center
ntd.tv (new tang dynasty),right-center
odessa american,right-center
oil price,right-center
omaha world herald,right-center
orange county register,right-center
oregonian,right-center
orlando sentinel,right-center
ottawa citizen,right-center
pacific research institute,right-center
peninsula daily news,right-center
pittsburgh tribune review,right-center
policyed.org,right-center
post-bulletin,right-center
public interest legal foundation,right-center
punchingbag post,right-center
quillette,right-center
r street institute,right-center
rare,right-center
rasmussen reports,right-center
reagan battalion,right-center
real clear defense,right-center
real clear investigations,right-center
real clear policy,right-center
real clear politics,right-center
real clear religion,right-center
reason,right-center
red river valley news,right-center
regulation magazine,right-center
remington research group,right-center
richmond times-dispatch,right-center
rt news,right-center
russia insider,right-center
russian news agency-tass,right-center
salem radio network news (srn news),right-center
san bernardino sun,right-center
san diego union tribune,right-center
saskatoon starphoenix,right-center
savannah morning news,right-center
sofrep,right-center
south florida sun-sentinel,right-center
spokesman-review,right-center
sputnik news,right-center
statesman journal,right-center
strategic culture foundation,right-center
student daily news,right-center
swarajya,right-center
tallahassee democrat,right-center
tampa tribune,right-center
tax foundation,right-center
tharawat magazine,right-center
the algemeiner journal,right-center
the american conservative,right-center
the american interest,right-center
the augusta chronicle,right-center
the australian,right-center
the chronicle herald,right-center
the courier-mail,right-center
the daily citizen,right-center
the epoch times,right-center
the fiscal times,right-center
the gazette (cedar rapids),right-center
the independent review,right-center
the jack news,right-center
the jamestown foundation,right-center
the japan news,right-center
the jewish press,right-center
the libertarian republic,right-center
the nation pakistan,right-center
the national (uae),right-center
the new atlantis,right-center
the news lens,right-center
the objective standard,right-center
the oklahoman,right-center
the press-enterprise,right-center
the quint,right-center
the smoking gun,right-center
the spectator (uk),right-center
the straits times,right-center
the tennessean,right-center
the times herald (port huron),right-center
the west australian,right-center
times of london,right-center
times news (pennsylvania),right-center
times of south africa (times live),right-center
toledo blade,right-center
topeka capital-journal,right-center
tulsa world,right-center
valuewalk,right-center
wall street journal,right-center
washington babylon,right-center
washington examiner,right-center
washington times,right-center
watchdog.org,right-center
waterbury republican-american,right-center
westmonster,right-center
wichita eagle,right-center
wikileaks,right-center
williamsport sun-gazette,right-center
winston-salem journal,right-center
1600 daily,right
acculurated,right
accuracy in media (aim),right
acting man,right
against crony capitalism,right
alpha news,right
allen b. west,right
american center for law & justice (aclj),right
american consequences,right
american enterprise institute,right
americans for prosperity,right
american legislative exchange council (alec),right
american liberty report,right
american military news,right
american news 24/7,right
american news hub,right
american spectator,right
american thinker,right
american web media (awm),right
ammoland,right
anadolu agency,right
assyrian international news agency (aina),right
bearing arms,right
being libertarian,right
beliefnet,right
big government news,right
big league politics,right
bizpac review,right
blue lives matter,right
brexitcentral,right
cambridge analytica,right
campaign life coalition,right
campus reform,right
canada free press,right
capital research center,right
chicks on the right,right
christian news alerts,right
christian post,right
chronicles (rockford institute),right
church militant,right
citizens united,right
city journal,right
civitas institute,right
clear politics,right
cold dead hands,right
commentary magazine,right
conservative base,right
conservative daily news,right
conservatives here,right
conservative hq,right
conservative institute,right
conservative outfitters,right
conservative review,right
conservative today,right
controversial times,right
cowger nation,right
crime prevention research center,right
crisis magazine,right
csc mediagroup usa,right
daily caller,right
daily express,right
daily liberator,right
daily mail,right
daily sabah,right
daily signal,right
daily surge,right
dangerous,right
dc statesman,right
dc whispers,right
debate post,right
deplorables report,right
disobedient media,right
drudge report,right
energy citizens,right
ethics & religious liberty commission,right
fact and logic about the middle east (flame),right
faithwire,right
family security matters,right
far left watch,right
federalist press,right
federalist society,right
first in freedom daily,right
first things magazine,right
fox news,right
freedom crossroads,right
freedom works,right
free west media,right
frontiers of freedom,right
foundation for defense of democracies,right
future in america,right
gatestone institute,right
get religion,right
gop.com,right
gopusa,right
government accountability institute,right
guerrilla news,right
guido fawkes,right
heartland institute,right
heat street,right
heritage foundation,right
hermancain.com,right
hillary daily,right
hot air,right
hudson institute,right
human events,right
imprimis (hillsdale college),right
independent journal review,right
independent sentinel,right
independent women’s forum – iwf,right
illinois policy institute,right
intellectual takout,right
i bleed red white and blue,right
ipatriot,right
institute for family studies,right
jewish policy center,right
jewish world review,right
judicial crisis network,right
judicial watch,right
kansas policy institute (kpi),right
keep and bear,right
knox report,right
legal insurrection,right
liberty alliance,right
liberty hangout,right
liberty headlines,right
liberty nation,right
liberty news,right
libertytalk.fm,right
liberty unyielding,right
life and about,right
life decisions international,right
life news,right
life site news,right
lifezette,right
lyin’ comey,right
louder with crowder,right
manchester union leader,right
media circus,right
media equalizer,right
media research center,right
mehr news agency,right
mercatornet,right
national center for public policy research,right
national review,right
national rifle association (nra),right
new boston post,right
newbusters,right
newsmax,right
new revolution now,right
new york observer,right
next news network,right
not liberal,right
ntk network,right
numbers usa,right
offended america,right
offgrid survival,right
one america news network,right
onenewsnow,right
ontario proud,right
opslens,right
patriot news daily,right
pj media,right
policy review,right
political insider,right
politichicks,right
politicsnote,right
politifeed,right
populist wire,right
power line,right
project veritas,right
quadrant magazine,right
reader’s digest,right
red alert politics,right
red flag news,right
red state,right
red state watcher,right
regated news,right
renewed right,right
resistance media,right
restore american glory,right
ricochet,right
ron paul liberty report,right
save jersey,right
secure america now,right
sentinel ksmo,right
silence is consent,right
sinclair broadcast group,right
sonoran news,right
spiked magazine,right
standpoint magazine,right
tasnim news agency,right
tea party news (tpnn),right
tea party patriots,right
tea party tribune,right
tehran times,right
the advertiser/adelaide now,right
the american cause,right
the blacksphere,right
the blaze,right
the california republican,right
the citizens press,right
the college fix,right
the conservative nut,right
the conservative woman,right
the daily defender,right
the daily telegraph (australia),right
the daily wire,right
the federalist,right
the hayride,right
the last refuge,right
the millennial review,right
the new american,right
the newly press,right
the patriot post,right
the post and email,right
the rantidote,right
the real strategy,right
the rebel,right
the resurgent,right
the right scoop,right
the ron paul institute,right
the sun,right
the tennessee star,right
the truth about guns,right
toronto sun,right
townhall,right
tribunist,right
trt world,right
turning point usa,right
twitchy,right
unbiased america,right
unity news network,right
un watch,right
us politics info,right
usa politics today,right
ussa news,right
vessel news,right
vivaliberty,right
washington free beacon,right
weasel zippers,right
weekly standard,right
western free press,right
western journalism,right
whatfinger,right
wnd (world net daily),right
world magazine,right
world tribune,right
yellowhammer news,right
young america’s foundation (yaf),right
young conservatives,right
